username,realname,orcid,wikidata,github
Nsalomonis,Nathan Salomonis,,,
BruceConklin,Bruce Conklin,,,
Khanspers,Kristina Hanspers,0000-0001-5410-599X,Q28865047,khanspers
Thomas,Thomas Kelder,0000-0002-5311-2247,Q28865045,thomaskelder
AlexanderPico,Alexander Pico,0000-0001-5706-2163,Q28530149,AlexanderPico
Egonw,Egon Willighagen,0000-0001-7542-0286,Q20895241,egonw
Andra,Andra Waagmeester,0000-0001-9773-4008,Q19845625,andrawaag
Mkutmon,Martina Kutmon,0000-0002-7699-8191,Q27987764,mkutmon
Ddigles,Daniela Digles,0000-0001-5934-3559,Q19845608,danidi
Eweitz,Eric Weitz,,,
A.Pandey,Akhilesh Pandey,,,
Christine Chichester,Christine Chichester,,,
AMTan,Andika Tan,,,
DeSl,Denise Slenter,0000-0001-8449-1318,Q43744369,DeniseSl22
FerryJagers,Ferry Jagers,,,
Mick Eikelhof,Mick Eikelhof,,,
N.Reyes,Niradiz Reyes,,,
MartijnVanIersel,Martijn Van Iersel,0000-0002-5877-4338,Q28865050,amarillion
Kdahlquist,Kdahlquist,,,
Mills42,Caroline Miller,,,
L Dupuis,Lauren J. Dupuis,,,LaurenDupuis
Fehrhart,Friederike Ehrhart,0000-0002-7770-620X,Q28025534,fehrhart
Garima.thakur,Garima Thakur,0000-0002-7702-9296,Q90336510,
M.Lieberman,Michael Lieberman,,,
N.Mantei,Ned Mantei,,,
Irenemolina,Irene,,,
Asios Olia,Asios Olia,,,
L.M.Ferrante,Lynn M. Ferrante,,,
Nuno,Nuno,,,
Marvin M2,Marvin Martens,,,marvinm2
Evelo,Chris Evelo,0000-0002-5301-3142,Q19845641,Chris-Evelo
C.Redfern,Charles Redfern,,,
Timverbruggen,Tim Verbruggen,,,
Zari,Zahra Roudbari,,,
Michiel,Michiel Adriaens,0000-0002-4472-7119,Q28925784,
Susan,Susan Coort,0000-0003-1224-9690,Q19851164,susancoort
Olivier.traets,Olivier Traets,,,
MirellaKalafati,Marianthi Kalafati,,,
Jmelius,Jonathan Mlius,0000-0001-8624-2972,Q43370248,
Lindarieswijk,Linda Rieswijk,0000-0002-6106-1347,Q28025431,
M.Braymer,Meredith Braymer,,,
Ariutta,Anders Riutta,0000-0002-4693-0591,Q43370277,ariutta
Elisa,Elisa Cirillo,0000-0002-0241-7833,Q40560523,
Wpblocked,Blocked Account,,,
N.Gal,Nurit Gal,,,
Cizar,Cizar,,,
Finterly,Finterly Hu,,,
Ehsiao,Ed Hsiao,,,
Samuel Sklar,Samuel Sklar,,,
Jessev1993,Jesse Vercoulen,,,
Anwesha,Anwesha Bohler,0000-0001-7073-5852,Q28792013,
Lawson,Dan Lawson,,,
Teacup,Lotte Sevenich,,,
Madeomuga,Amadeo,,,Madeomuga
Krasin,Krasin,,,
Elisson nl,Elisson Lopes,,,elissonnog
Chaodc,De-Cheng Chao,,,
Dingju11,Jun Ding,,,
Strand,Strand Life Sciences Pvt. Ltd,,,
MirkoBaranzini,Mirk Baranzini,,,
NetPath,NetPath,,,
Noopur144,Noopur Sinha,,,
AgustinGV,Agustin Gonzalez-Vicente,0000-0002-3682-0815,Q57099562,
Laurent,Laurent Winckers,,,
D.Koren,David Koren,,,
AdoBioInfo,Ado,0000-0002-6434-7527,,
M.Ramirez,Manny Ramirez,,,
Eveline1705,Eveline Gerretsen,,,
Youssefwalid,Youssef Walid,,,
LWackers,Levi Wackers,,,
AdrienDefay,Adrien Defay,,,
Rollie,Rollie,,,
Robertbaertsch,Robertbaertsch,,,
Ted23,Theodore T. Batalis,,,
Veneman,Veneman,,,
S.Burel,Sebastien Burel,,,
Dex duncan,Dexter Duncan,,,
Frances55,Frances,,,
Jeangon,Jean Gonzales,,,
Mauro,Mauro Pala,,,
Kyook,Karen Yook,,,
RaatsS,Stefan Raats,,,
Misbah,Misbah,,,
Nattha,Nattha Wannissorn,,,
Uomoamare,Luigi Maiorana,,,
LarsEijssen,Lars Eijssen,0000-0002-6473-2839,Q27990265,
Babikerosman,Babiker Malik Osman,,,
Vfunari,Vfunari,,,
Mdstobbe,Miranda Stobbe,,,
Pahles,Patrick Ahles,,,
Priyanka K,Priyanka Kulkarni,,,
Licong,Licong,,,
Pieter Giesbertz,Pieter Giesbertz,,,
Bzhang,Bzhang,,,
N.Fidelman,Nick Fidelman,,,
VandyConte,Vand Conte,,,
AllanKuchinsky,Alla Kuchinsky,,,
Vtriver6,Chun Chen,,,
David.chen,David Chen,,,
Karin,Karin,,,
Flipke,Flipke,,,
Tom85,Thomas Theelen,,,
Pjaiswal,Pankaj Jaiswal,,,
Essam Sharaf,Essam Sharaf,,,
Zans,Chancy Lim,,,
Egoyenechea,Egoyenechea,,,
Damariz,Damariz Rivero,,,
Jildau,Jildau Bouwman,,,
Ommen,Ben Van Ommen,,,
Amcuser,AMC Human Genetics,,,
SFGKrens,Gabby Krens,,,
Lousk,Lou Shaoke,,,
J.krumeich,Jan Krumeich,,,
MLevels,Maartje Levels,,,
Stan.gaj,Stan Gaj,,,
Ryanmiller,Ryan Miller,0000-0003-3477-7443,Q29998663,
VanessaSousa,Vanessa Sousa,,,
Lribeiro,Lucia Ribeiro,,,
Artoria2e5,Mingye Wang,,,
Gomez009,Victoria,,,
LauraS,Laur S,,,
Toxlab,James Bjork,,,
MXFKosho,Madeline Kosho,,,
M.Patti,Mary-Elizabeth Patti,,,
J.Heckman,Jessica Heckman,,,
Liisa18,Liisa Arike,,,
Gharding,Gharding,,,
Anku,Abhishek,,,
Ssd1805,Sharestha Drall,,,
Whom,Whom,,,
Etaglobin,Etaglobin,,,
AaronCaine,Aaron Caine,,,
Madhu Rohini,Madhu Rohini Vadlamani,,,
Boghog,Boghog,,,
Metalmephisto,Tyler Peryea,,,
I.Reyes,Ismael Reyes,,,
A.Kwa,Andrew Kwa,,,
Conroy lipids,Matthew Conroy,,,
Carlospirola,Carlos J Pirola,,,
Cgrove,Christian Grove,,,
E.Tuninsky,Ellen Tuninsky,,,
Glenda,Glenda Nicioli Da Silva,,,
Saibrahi,Sara Ibrahim,,,
Jilldunham,Jill Dunham,,,
C.Harder,C.Harder,,,
Nbhatla,Nikhil Bhatla,,,
Ryan.miller,Ryan Miller,,,
Felix555,Felix Rckert,,,
Ddomingof,Daniel Domingo-Fdez,,,
IlianaSach,Iliana Campillo Sach,,,
Dmitriev200,Sergey Dmitriev,,,
BadrulYahaya,Badrul Yahaya,,,
JosipMadunic,Josip,,,
Fdennissen,Frank Dennissen,,,
IreneHemel,Irene Hemel,,,
UlasBabayigit,Ulas Babayigit,,,
Drgibson,Andrew Gibson,,,
Ersaxton,Eric,,,
Thripsi,Axel Weber,,,
Rfijten,Rianne Fijten,,,
MV,Misha Vrolijk,,,
MLW2011,Camiel Hoogendoorn,,,
Gustav,Gustav,,,
Bart Smeets,Bart Smeets,,,
AndtheWings,Daniel Riggins,,,
CMalyar,Celine Malyar,,,
Sabinedaemen,Sabine Daemen,,,
Dmb,Dan Bolser,,,
B.taneri,Bahar Taneri,,,
KathyIvey,Kathy Ivey,,,
Helix,Helix,,,
Jcompai,Jerome Compain,,,
Godevil,Yang an,,,
Jyoti,Jyoti Sharma,,,
A.C.Zambon,Alexander C. Zambon,,,
CarlosBorroto,Carlos Borroto,,,
Drrenugoel,Dr. Renu Goel,,,
Jwdietrich,Johannes W. Dietrich,0000-0002-1185-3549,Q48800274,
Lovnish.thakur,Lovnish Thakur,,,
A.J.Carolo,Austin J. Carolo,,,
Riannefijten,Rianne Fijten,0000-0002-1964-6317,Q27910513,
Jgeerligs,Job Geerligs,,,
Sham.uk,Shamith Samarajiwa,0000-0003-1046-0601,Q56246106,
Ziska,Franziska Kreidl,,,
KuroiR,Aaron Kolder,,,
Burslem,Onne Ronda,,,
Yvesslenter,Yves Slenter,,,
Maxvanson,Max Van Son,,,
Schmidtdav,David,,,
J.Fong,Joanna Fong,,,
Mamatha,Mamatha Hanumappa,,,
Qiuying,Qiuying Chen,,,
MireilleSthijns,Mireille Sthijns,,,
Youngw,Wayne Young,,,
Devi,Devi,,,
Martin Urban,Martin Urban,,,
Jaiswallab,Mamatha Hanumappa,,,
Roelod,Roelod,,,
Leaguile,Leo,,,
Burak,Burak,,,
Mbluemel,Martina Bluemel,,,
Aks20588,Akshat,,,
Fcastriota,Felicia Castriota,,,
DMicael,Deborah Micael,,,
Leonjohn2008,Liang Zhao,,,
SvetaG,Svetlana Gerdes,,,
Richard10,Ricardo S. Rodrguez,,,
Mechebek maghnaui,Abdelkader,,,
Cboye21,Chris Boye,,,
Sravanthisinha,Sravanthi Sinha,,,
Applecool,Sr Harsha.P,,,
Frank,Frank,,,
Iamlove,Jeff,,,
Mostaszewski,Marek Ostaszewski,,,
JYoungren,Jack Youngren,,,
Jmboer,Judith M. Boer,,,
Maguirre1,M Aguirre,,,
Gorfo,Economou Lab,,,
Sbohler,Sacha Bohler,0000-0001-8449-464X,Q55807536,
Tokimatsu,Toshiaki TOKIMATSU,,,
Torresandon,Fernando Torres Andn,0000-0001-9235-1278,Q57069130,
Amanzo,Arturo Manzo-Fontes P D,,,
B.Lawlor,Beth Lawlor,,,
Angelika,Angelika,,,
Gillespm,Marc Gillespie,,,
Anam,Anam,,,
Marijke Jozefczak,Marijke Jozefczak,,,
Mbrandon,Mbrandon,,,
Prakamya1986,Prakamya Gupta,,,
Joshloebs,Josh Loebs,,,
S.Doniger,Scott Doniger,,,
Afukushima,Atsushi Fukushima,,,
I.BenShlomo,Izhar Ben-Shlomo,,,
A.Hsueh,Aaron Hsueh,,,
Andrewlmason,Andrew Mason,,,
Lslabim,Luis,,,
J.S.Fong,Joanna S. Fong,,,
Danieltrinunes,Daniel Trindade,,,
Adinasarapu,Ashok R. Dinasarapu,,,
Biodados,Lab. Biodados UFMG,,,
Oneshin,Oneshin,,,
Stacia,Stacia,0000-0001-5472-917X,Q42775665,
Zgan,Zhuohui Gan,,,
WRoth,William Roth,,,
Xiusim,Xiuli Sim,,,
Jseita,Jun Seita,,,
BeverlyTorokStorb,Beverly Torok-Storb,,,
DanielKuppers,Danie Kuppers,,,
Nohj,Jiyoon Noh,,,
DebFrench,Deborah L French,,,
Schwalie,Petra Schwalie,,,
Kim de Nooijer,Kim De Nooijer,,,
Alvin kho,Alvin Kho,,,
Kufer,Kufer,,,
Andi1006,Neerincx a,,,
Monakhov82,Mikhail Monakhov,,,
Khettne,Kristina Hettne,0000-0002-4182-7560,Q37611850,
Kozo2,Kozo Nishida,,,
Papax,Alex Papachristodoulou,,,
A.Chow,Anita Chow,,,
Hubert,Hubert Hug,,,
Bconklin,Bconklin,,,
Ishida-kazuya,Kazuya Ishida,,,
Dtruong,Danielle Truong,,,
DanielL,Daniel-Alexandru Lupascu,,,
Bassetfrog,JT. Saito,,,
N.Cotte,Nathalie Cotte,,,
Lorasimons,Lora Simons,,,
Gdannag,Giuseppe D'Anna,,,
Giorgia,Giorgia Spampinato,,,
Justgerrardz,Justin Gerrardz,,,
Cannin,Cannin,,,
Liyou,Liyou an,,,
Vjlynch,Vinny Lynch,0000-0001-5311-3824,Q42768043,
Danio368,Nicolas DAVID,,,
Fredp,Frederic Pacho,,,
GIOVANNA VALENTI,GIOVANNA VALENTI,,,
Trovato angela,TROVATO ANGELA,,,
Paul Cavuoto,Paul Cavuoto,,,
Ingrid.felicidade,Ingrid Felicidade,,,
CLemmens,Claire Lemmens,,,
DrLightbourn,Dr Luis Alberto Lightbourn P D,,,
Ruudweijer,Ruud Weijer,,,
Penny,Penny Nymark,0000-0002-3435-7775,Q28530416,
Elgavish,Sharona Elgavish,,,
Skrekels,Skrekels,,,
Jacobwindsor,Jacob Windsor,,,
WBDerry,Brent Derry,,,
Rishiaachaibersing,Rishi,,,
Mark,Mark Van Grinsven,,,
Bingo,Bingo,,,
PaoloRomano,Paolo Romano,,,
Liling,Liling,,,
Nirupama,Nirupama Benis,,,
HarmNijveen,Harm Nijveen,,,
Prslab,Dr.P.R.Sudhakaran,,,
JPM van Rijn,Jeaphianne Van Rijn,,,
Dfornika,Dan Fornika,,,
Siddiqa,Amnah Siddiqa,,,
C.F.Thorn,Caroline F. Thorn,,,
LvdWouw,Lot Van De Wouw,,,
KJanssen,Kelly Janssen,,,
Azankl,Andreas Zankl,,,
Ramesh,Ramesh ,,,
SauerThorben,Thorben Sauer,,,
JJvdHeijden,JJv Heijden,,,
Jkearns445,Jeroen Kearns,,,
ChesdeWindt,Chesley De Windt,,,
Annahoekstra1,Anna Hoekstra,,,
I6095275,JJAJ Bastings,,,
Lauravanzon,Laura Van Zon,,,
Hhhwschmidt,Harald Schmidt,,,
Kodlips,KHALID RASHID,,,
Xuyongdeng,Xuyongdeng,,,
Akassoglou,Katerina Akassoglou,,,
Andrewmendiola,Andrew Mendiola,,,
StephanieWiddison,Stephanie Widdison,,,
Josienlandman,Josien Landman,,,
Yasminomar,Yasmin Omar,,,
Simon schmidt,Simon Schmidt,,,
Rik Lahaije,Rik Lahaije,,,
AnneFriesacher,Ann Friesacher,,,
Cenna Doornbos,Cenna Doornbos,,,
Roel,Roel Hacking,,,
Lisaaheld,Lisa Martina Held,,,
Richard97,Richard Delava,,,
EiriniDel,Eirini Deligiannidou,,,
Mzolisi,Mzolisi Mtshaulana,,,
Ewexler,Ericwexler,,,
HRitter,Hermann Ritter,,,
Arik,Arik,,,
Mohhafez,Mohhafez,,,
Carlosaxg,Carlos Alberto Xavier Gonalves,,,
Eoinfahy,Eoin Fahy,,,
Snaithani,Sushma Naithani,,,
VioletH,Viole H,,,
Tristanvanderlinden,Tristan Van Der Linden,,,
Shigeta,Ron Shigeta,,,
Claudio.j.villanueva,Claudio Villanueva Ph.D.,,,
Mark.scott,Mark  Scott,,,
GMKeulen,G. Keulen,,,
LobkeM,Lobke Meels,,,
ElineSanders,Eline Sanders,,,
BrittPieters,Britt Pieters,,,
EviSchoenmaker,Eveline Schoenmaker,,,
Ingebude,Ingebude,,,
NhungP,Nhung Pham,0000-0003-3091-3962,Q104401567,nhungpham1707
Mkass,Megi Kass,,,
Azkalaty,Paul Rgnier,,,
Chris,Chris Gillissen,,,
Mikikot,Mikiko Takahashi,,,
SNorton,Scott Norton,,,
AnneDB,Anna De Brouwer,,,
Victoravr,Victor Avramov,,,
Mlatorre,Magda M. Latorre,,,
Subbannayya,Yashwanth Subbannayya,,,
Krizzukas,Kristin Koppelmaa,,,
Akutmon,Amy Kutmon,,,
SamDrabbe,Sam Drabbe,,,
Leonievdven,Leonie Van De Ven,,,
VAishwarya,Aishwarya Vellanki,,,
Aminkhazeei,Aminkhazeeitabari,,,
CarolineMrejen,Caroline Mrejen,,,
Alla,Alla,,,
RGrosmanC,Raquel Grosman,,,
Rik-lahaije,Rik Lahaije,,,
Rex D A B,D. A. B. Rex,,,
Ozanozisik,Ozan Ozisik,,,
Rlee,Ritchie Lee,,,
Amber,Amber Koning,,,
Eduati,Federica Eduati,,,
Ycc86829,Congcong Yin,,,
JenG,Je G,,,
LVreeswijk,Lara Vreeswijk,,,
S. Arnouts,Shirley Arnouts,,,
Iulia.ioncu,Iulia Ioncu,,,
Bas Lahaije,Bas Lahaije,,,
P.vanLier,Pip van Lier,,,
WoltersAAT1804,Anouk Wolters,,,
Zoebarois,Zoe Barois,,,
Keshav,Dr. T. S. Keshava Prasad,0000-0002-6206-2384,Q66829163,
CedricPluis,Cedric Pluis,,,
BramMennen,B.P.E. Mennen,,,
Liekevandenbogaart,Lieke Van Den Bogaart,,,
IsabelWassink,Isabe Wassink,,,
AnnaNi,Anna Niarakis,,,
Siddarth,Siddarth,,,
MCMJanssen,Margit Janssen,,,
Tilmans,Yves Tilmans,,,
Jfigueirahasbun,John Figueira Hasbun,,,
Annabaya,Anna Baya Meuleman,,,
Omranhasan,Omran Hasan,,,
Diazflorese,Ernesto Diaz-Flores,,,
Victor Marx,Victor Marx,,,
Daisydx,Xin Ding,,,
Anatolymikutin,Anatolymikutin,,,
Angelcymak,Angelcymak,,,
SElBoudllali,Soukaina Boudllali,,,
Juliajohnsson,Julia Johnsson,,,
Jdoijen,Jordi Doijen,,,
ElisaSantarsiero,Elisa Santarsiero,,,
Larsgw,Lars Willighagen,0000-0002-4751-4637,Q45907528,
ExperiMed,Maximilian Saller,,,
GabrielCouillaud,Gabriel Couillaud,,,
Clairebillingsley,Claire Billingsley,,,
KJTLUC,Kingson ''junsheng Thang'' Luc,,,
AlinRus,Mario Alin Rus,,,
Nuraytalih,Nuray Talih,,,
Zhouyf,Zhouyf,,,
RickHendriks1999,Rick Hendriks,,,
Soniaa.balan,Sonia Balan,,,
PaulaP04,Paula Parra,,,
WayanM0,Wayan Monet,,,
Jpg64,Joe G,,,
Iljadw,Ilja De Wolf,,,
SVossen,Simon Vossen,,,
Lenaszabo,Lena Szabo,,,
Rikki,Rikki Frederiksen,,,
Mtkerkhofs,Marijn Kerkhofs,,,
DanaMustafa,Dana Mustafa,,,
LKoole,Lisa Koole,,,
Ariajadhav,Aria Jadhav,,,
Alexandrabosch,Alexandra Bosch,,,
NKnoops,Nanda Knoops,,,
Duygudd,Duygu Dede Sener,0000-0001-6766-4977,Q113518033,
Clclass,Calvin Classon,,,
Diana.gco,Diana Garcia,,,
RTokaai,Rocheliene,,,
Natalieh,Natalie Hinkova,,,
MvdGarde,Martijn Van De Garde,,,
IrkilmezA,Alp Irkilmez,,,
TadeIdowu,Tade Idowu,,,
DKalbe,Denise Kalbe,,,
JDoreen,Doreen Jost,,,
Mario5181,Mario Zubak,,,
Frucsek13,Fruzsina Magyar,,,
Aysegul Celik,Aysegul Celik,,,
Annemichielsen,Anne Michielsen,,,
Noortjevdvorst,Noortje Van Der Vorst,,,
Hafeez,Hafeez-Ur-Rahman,,,
HumeraFiaz,Humera Fiaz,,,
Lcayer,Lucien Cayer,,,
Nadiapan1,Konstantina Pandi,,,
Derob,David Robelin,,,
EmiliaAgasi,Emilia Agasi,,,
Mushtong,Cindy Tong,,,
PeterSwanenberg,Peter Swanenberg,,,
AmauryPelzer,Amaury Pelzer,,,
EnzoChiaradia,Enzo Chiaradia,,,
SMBachmann,Susan M. Bachmann,,,
Myrtevandebergh,Myrte Van De Bergh,,,
AnaRodrigues,Ana Rodrigues,,,
LeonieSieder,Leonie Sieder,,,
Maria van de Meent,Maria Van De Meent,,,
RoelvO5,Roel Van Overbeek ,,,
VeerleHorsting,Veerle Horsting,,,
Pklemmer,Pierre Klemmer,,,
GiangNguyen126,Giang Nguyen,,,
LucHooglugt,Luc Hooglugt,,,
Jesper,Jesper,,,
Jingjingcai,Jing Jing Cai,,,
AnnaVanWersch,Anna Van Wersch,,,
Leo-kal,Leo Kalapurackal,,,
TimZotti,Tim Zotti,,,
EvelinePeterse,Eveline Peterse,,,
QuintenLok,Quinten Lok,,,
ZDLech,Zuzanna Lech ,,,
ImkeGrutters,Imke Grutters ,,,
JPippi,Josephine-Elisabeth Pippi,,,
MiriamBabukhian,Miriam Babukhian,,,
Leadoerner,Lea Doerner,,,
Pepinmarshall,Pepin Marshall,,,
Linda24012000,Linda Kollenburg,,,
MvanderPas,Manon Van Der Pas,,,
Edmeesnijders,Edme Snijders,,,
Haseena,Haseena Noureen,,,
Lore,Lore,,,
Shad4,Daria Shumkova,,,
VPencheva,Velina Pencheva,,,
Kushidat,Kushidat,,,
LaureAlix,Laure-Alix Clerbaux,,,
Gwo,Georg W. Otto,,,
RobertMurphy,Robert C. Murphy ,,,
MarkAHershberger,Mark A. Hershberger,,,
The Herald,Benison P. Baby,,,
Siangyun.ang,Sian Yun Ang,,,
Jinwook,Jinwook.seo,,,
An.lebacq,An Lebacq,,,
Drsd,Seth J. Davis,,,
Zimmerph,Philip Zimmermann,,,
I379077,Jonas Hummel,,,
RalphStraus,Ralph Straus,,,
Emmaverver,Emmaverver,,,
Kevinhermans1987,Kevin Hermans,,,
Jinggao,Jinggao,,,
Ejaehnig,Eric Jaehnig,,,
Jwnewman,John W. Newman,,,
Aruke,Ruke Achoja,,,
Lbrenn,Lorraine Brennan,,,
Lizezhong,Zezhong Li,,,
Ray Andrews II,Ray Andrews II,,,
Smhouten,Sander Houten,,,
Pietergoossens,Pieter Goossens,,,
Zhu.lu,Zhu.lu,,,
Jaeckel,Carsten Jckel,,,
MaintBot,Maintenance bot,,,
Jlw9,Jlw9,,,
Julia139,Julia139,,,
Webber51,Webber51,,,
Joppe014,Joppe014,,,
Txr24,Txr24,,,
Mshel016,Mshel016,,,
Joops05,Joops05,,,
Zhangx888,Zhangx888,,,
Chetan1,Chetan1,,,
Jack007,Jack007,,,
Ambar21,Ambar21,,,
I450472,I450472,,,
Lli9,Lli9,,,
169.230.77.174,169.230.77.174,,,
212.48.140.65,212.48.140.65,,,
169.230.76.4,169.230.76.4,,,
Melodyner,Melodyner,,,
Yt,Yt,,,
AAR&amp;amp;Co,AAR&amp;amp;Co,,,
442798,442798,,,
V,V,,,
TestUser,TestUser,,,
TomPauly,Tom Pauly,,,
LLadeira,Luiz C. M. Ladeira,,,
Tabbassidaloii,Tabbassidaloii,,,
LinaSchiffer,Lina Schiffer,0000-0001-8540-4861,,
ChristeldeVries,ChristeldeVries,,,
WilliamJGriffiths,William J Griffiths,0000-0002-4129-6616,,
RobertAndrews,Robert Andrews,,,
AliHbdl,AliHbdl,,,
Alippifed,Alippifed,,,
Ecenazertan,Ecenazertan,,,
Jgumbaragyte,Jgumbaragyte,,,
Mariamierzejewska,Mariamierzejewska,,,
MatejKrivulka,MatejKrivulka,,,
Pgfebbo,Phillip Febbo,,,
NadiaJonckheere,Nadia Simone Jonckheere,,,
Isissampermans,Isis Sampermans,,,
Bhavanakapalli,Bhavana Kapalli,,,
Mehaa,Mehaa Prabakar,,,
Natalie.v,Natalie Varahram,,,
Lianatyrrell,Liana Tyrrell,,,
Celestecurreri,Celestecurreri,,,
Cleopheebruchou,Cléophée Bruchou,,,
Ellaverheggen,Ellaverheggen,,,
Jasmijnvanzaanen,Jasmijn van Zaanen,,,
Ticha,Laetitia Flammang,,,
Ncananfiliz,Ncananfiliz,,,
Jmillanacosta,Javier Millán Acosta,,,jmillanacosta
ElenaDR1,ElenaDR,,,ElenaDR1
Ash iyer,Ash Iyer,,,
Julivana,Julivana,,,
Pauladewenter,Pauladewenter,,,
Melrose2023,Esther Umwamikazi,,,
RensEikelboom,Rens Eikelboom,,,
MCJ8,Tom Bausch,,,
Snnrrdc,Sena,,,
Isa Leenders,Isa Leenders,,,
Bep3.14e,Beppie,,,
KieranReidy,Kieran Reidy,,,
Clarissafalempin,Clarissa Falempin,,,
JHekmaWierda,Jolijn Hekma Wierda,,,
Kay.Veurink,Kay Veurink,,,
Nvalenbreder,Nvalenbreder,,,
Andreaarias99,Andreaarias99,,,
Dianabrancadoro,Dianabrancadoro,,,
Bonohu,Bonohu,,,
Dogrunjp,Dogrunjp,,,
Hono,Hiromasa Ono,,,
Phil Hit,Philip Hittmeyer,,,
Uday as,Uday Abu Shehab,,,
Thanos Oikonomou,Athanasios Oikonomou,,,
Glattl98,Lisa Glatt,,,
Dorka1999,Dorottya Szobol,,,
Sikeda,Sikeda,,,
Marlenef97,Marlenef97,,,
Pat hofer,Pat Hofer,,,
Tamara Fitzinger,Tamara Fitzinger,,,
Cereno98,Cereno98,,,
Leyla Önder,Leyla Önder,,,
Tesic petra,Petra Tesic,,,
BTJvanDijl,BTJvanDijl,,,
Juliablad,Juliablad,,,
Marlen m,Marlen m,,,
Ewoud,Ewoud,,,
Ninagerrekens,Ninagerrekens,,,
